Vorname,Nachname,E-Mail,Straße,Postleitzahl,Ort,Land,Bundesland,Geburtsdatum,Geschlecht,Externe ID,Donor Type
Benno,Rogge,hsiering@example.org,Mälzerweg 2-2,68092,Güstrow,Deutschland,Schleswig-Holstein,1986-08-16,Männlich,1,
Francis,Müller,helenschoenland@example.com,Tomasz-Mülichen-Gasse 99,44897,Aurich,Deutschland,Nordrhein-Westfalen,1940-03-25,Männlich,2,Monthly Donor
Ottokar,Plath,vogtjuliana@example.net,Willibald-Jäkel-Ring 251,79278,Greiz,Deutschland,Hessen,1938-04-12,Männlich,3,Past Donor
Luka,Kusch,ekkehardmielcarek@example.org,Gregor-Tintzmann-Weg 6/2,54525,Guben,Deutschland,Rheinland-Pfalz,1966-03-14,Weiblich,4,One Time Donor
Meinrad,Zobel,siegfriedschleich@example.org,Bolnbachgasse 28/33,12496,Neuruppin,Deutschland,Hamburg,1962-12-30,Männlich,5,Monthly Donor
Christina,Ladeck,stellakoester@example.net,Schönlandweg 33/33,83468,Stadtsteinach,Deutschland,Sachsen,1964-10-21,Weiblich,6,
Angelica,Stoll,trommlerdoerthe@example.net,Benthinstraße 74,22989,Northeim,Deutschland,Niedersachsen,1976-08-23,Nichtbinär / Nonbinary,7,Monthly Donor
Kathi,Römer,jstaude@example.net,Leonardo-Lindau-Weg 6564,82128,Sigmaringen,Deutschland,Nordrhein-Westfalen,1983-07-19,Männlich,8,
Irene,Jessel,remoullrich@example.org,Pohlstr. 4-9,81560,Schwerin,Deutschland,Bremen,1996-01-08,Männlich,9,
Aysel,Hethur,schoenlandhanne@example.net,Marc-Reinhardt-Straße 21/55,60099,Neu-Ulm,Deutschland,Brandenburg,2002-01-07,Weiblich,10,Monthly Donor
Peter,Scheibe,yloos@example.com,Francoise-Stroh-Allee 7,52171,Brand,Deutschland,Niedersachsen,1994-07-24,Männlich,11,Monthly Donor
Roswitha,Ruppert,werneckeedeltraut@example.org,Kühnertstraße 8-5,13222,Passau,Deutschland,Baden-Württemberg,1957-07-07,Weiblich,12,
Karl-Werner,Thies,xeckbauer@example.com,Rosa-Wesack-Gasse 3045,12515,Melsungen,Deutschland,Berlin,1982-03-11,Männlich,13,
Ottfried,Junitz,guteludmilla@example.org,Tröststraße 29,07179,Kehl,Deutschland,Hessen,1985-09-19,Männlich,14,
Aribert,Förster,fatima60@example.org,Andreas-Junk-Ring 7,17523,Helmstedt,Deutschland,Saarland,2006-07-11,Männlich,15,One Time Donor
Baldur,Scheibe,tluebs@example.net,Ferdinand-Henck-Gasse 125,33952,Gießen,Deutschland,Niedersachsen,1952-05-09,Weiblich,16,Monthly Donor
Ralf-Peter,Hertrampf,mentzelfriedrich@example.net,Edelbert-Jessel-Ring 70,34513,Fulda,Deutschland,Hessen,1950-06-04,Weiblich,17,Monthly Donor
Engelbert,Warmer,bianka15@example.net,Heßgasse 6-8,64864,Höxter,Deutschland,Sachsen,1941-06-01,Weiblich,18,Past Donor
Reinhold,Ortmann,nbaum@example.net,Hübelstr. 7472,74521,Gifhorn,Deutschland,Sachsen,1933-12-03,Weiblich,19,One Time Donor
Clara,Pechel,floewer@example.org,Kohlallee 9,79448,Bad Langensalza,Deutschland,Baden-Württemberg,1975-01-02,Weiblich,20,Past Donor
Gönül,Nerger,tortmann@example.com,Herrmann-Hübel-Straße 8743,86498,Roth,Deutschland,Berlin,1951-08-08,Männlich,21,
Hans-Rainer,Zimmer,hagen50@example.org,Wähnergasse 19-24,62181,Wolfenbüttel,Deutschland,Thüringen,1980-03-31,Männlich,22,
Martin,Heydrich,theresaloos@example.com,Hölzenbecherplatz 62,41473,Brandenburg,Deutschland,Schleswig-Holstein,1984-12-04,Weiblich,23,Past Donor
Edeltrud,Jäntsch,vincentzirme@example.com,Walli-Mosemann-Straße 86,03168,Soltau,Deutschland,Brandenburg,1939-10-21,Männlich,24,One Time Donor
Friedhelm,Trupp,tehlert@example.com,Rosemannplatz 19-44,76338,Badalzungen,Deutschland,Niedersachsen,1949-10-02,Männlich,25,Monthly Donor
Elizabeth,Klingelhöfer,waehnerdenise@example.org,Niemeierstraße 30-36,12868,Rostock,Deutschland,Brandenburg,1976-04-01,Männlich,26,One Time Donor
Kurt,Christoph,barbara58@example.net,Junitzgasse 3-8,29288,Erkelenz,Deutschland,Mecklenburg-Vorpommern,1967-06-18,Männlich,27,Past Donor
Engin,Thanel,gertztimm@example.org,Tobias-Sauer-Allee 54-98,53361,Borken,Deutschland,Thüringen,1949-09-26,Weiblich,28,One Time Donor
Raisa,Wulff,weinhagehans-erich@example.com,Gehringerallee 3/6,78845,Stuttgart,Deutschland,Bremen,1979-05-23,Weiblich,29,
Nikolaj,Tintzmann,scheuermannchristopher@example.com,Börnerstr. 13/40,36057,Wolfratshausen,Deutschland,Bremen,2002-02-02,Weiblich,30,Past Donor
Tilo,Noack,renatovogt@example.org,Belinda-Kabus-Gasse 35/30,67385,Karlsruhe,Deutschland,Brandenburg,1981-07-21,Weiblich,31,
Edelbert,Schleich,reutertillmann@example.com,Melissa-Dehmel-Allee 4-9,37684,Darmstadt,Deutschland,Hamburg,2002-08-08,Männlich,32,Monthly Donor
Selim,Sauer,suessebierhans-joachim@example.com,Hofmannstr. 547,71756,Oschatz,Deutschland,Nordrhein-Westfalen,1957-06-28,Männlich,33,One Time Donor
Wolf-Rüdiger,Salz,gierschnerjoanna@example.com,Junkplatz 2990,83603,Freudenstadt,Deutschland,Schleswig-Holstein,1938-05-11,Männlich,34,
Karl-Georg,Gumprich,blochgerfried@example.org,Hermighausenstraße 7,18190,Mayen,Deutschland,Nordrhein-Westfalen,1941-03-04,Männlich,35,Past Donor
Holger,Schinke,mariannetrommler@example.com,Pärtzeltstr. 4899,21381,Düren,Deutschland,Brandenburg,1969-03-24,Männlich,36,One Time Donor
Erhardt,Albers,sigmarschmidt@example.com,Vitus-Ditschlerin-Ring 63,84773,Schwäbisch Hall,Deutschland,Bayern,2007-06-10,Männlich,37,Monthly Donor
Ulrich,Otto,arndbeyer@example.org,Albersstr. 562,04746,Ingolstadt,Deutschland,Hessen,1932-09-13,Weiblich,38,One Time Donor
Edith,Ehlert,adleringo@example.com,Lydia-Anders-Allee 79,36771,Hainichen,Deutschland,Mecklenburg-Vorpommern,1957-08-02,Nichtbinär / Nonbinary,39,
Christa-Maria,Schottin,zsiering@example.net,Kohlstr. 4/4,27196,Bremervörde,Deutschland,Hamburg,1962-01-13,Weiblich,40,Past Donor
Hardy,Atzler,trubvincenzo@example.org,Beyerstraße 52-15,56435,Hannover,Deutschland,Rheinland-Pfalz,1962-08-31,Männlich,41,Past Donor
Trude,Hornich,maja98@example.org,Ditschlerinring 23-33,26816,Flöha,Deutschland,Rheinland-Pfalz,1940-06-28,Nichtbinär / Nonbinary,42,Past Donor
Knut,Naser,balthasarreuter@example.net,Bekir-Becker-Weg 6405,06100,Stuttgart,Deutschland,Hessen,1993-01-26,Weiblich,43,Monthly Donor
Pawel,Eberth,agraf@example.net,Nicole-Mosemann-Gasse 6-5,36381,Ochsenfurt,Deutschland,Mecklenburg-Vorpommern,1939-02-05,Männlich,44,
Filippo,Ehlert,volkhard04@example.com,Herrmannstr. 5544,02659,Freising,Deutschland,Schleswig-Holstein,1933-11-24,Weiblich,45,Past Donor
Sandy,Misicher,seifertlisa@example.com,Gaby-Freudenberger-Straße 44-55,58434,Karlsruhe,Deutschland,Brandenburg,1979-05-18,Männlich,46,Past Donor
Brian,Junken,vtextor@example.net,Brunhilde-Dobes-Ring 16/39,20339,Strasburg,Deutschland,Berlin,1949-03-10,Weiblich,47,Monthly Donor
Kathrin,Bolander,zhuhn@example.org,Krokergasse 3/6,85362,Burg,Deutschland,Bayern,1938-01-25,Nichtbinär / Nonbinary,48,Past Donor
Benita,Lübs,marjanlangern@example.net,Raik-Döring-Straße 22/19,57605,Aschaffenburg,Deutschland,Schleswig-Holstein,1975-08-10,Männlich,49,Monthly Donor
Roger,Roht,envertrub@example.org,Budigplatz 66/29,33048,Flöha,Deutschland,Brandenburg,1948-10-28,Weiblich,50,Past Donor
Carolina,Scheibe,ahmed95@example.org,Förstergasse 17,29887,Lemgo,Deutschland,Sachsen,1940-08-06,Männlich,51,Monthly Donor
Christina,Ehlert,rosina59@example.net,Stefania-Röhricht-Gasse 88-28,98605,Quedlinburg,Deutschland,Brandenburg,1962-04-18,Weiblich,52,One Time Donor
Alla,Misicher,augusta82@example.net,Mitschkestraße 14-96,87067,Vilsbiburg,Deutschland,Hessen,1932-07-22,Nichtbinär / Nonbinary,53,Past Donor
Oskar,Ritter,sbenthin@example.net,Marzena-Flantz-Ring 1/5,06452,Neustadtner Waldnaab,Deutschland,Hessen,1980-11-05,Weiblich,54,Past Donor
Gretl,Stahr,riehloskar@example.org,Rene-Köhler-Straße 37-19,43955,Mettmann,Deutschland,Hessen,1996-04-09,Männlich,55,
Gunter,Rohleder,vollbrechtjaqueline@example.org,Seidelstr. 3,69013,Freital,Deutschland,Saarland,1953-10-19,Nichtbinär / Nonbinary,56,Monthly Donor
Evi,Schüler,bernd-dieterkruschwitz@example.net,Lehmannallee 54-25,99700,Mühlhausen,Deutschland,Bayern,1943-03-05,Nichtbinär / Nonbinary,57,One Time Donor
Hilde,Pohl,cordula05@example.net,Gerhild-Hahn-Gasse 45-33,21308,Melsungen,Deutschland,Rheinland-Pfalz,1997-11-12,Männlich,58,One Time Donor
Hans-Walter,Drewes,pauldrewes@example.com,Hildegund-Ullrich-Allee 5/6,79042,Duderstadt,Deutschland,Hessen,1938-04-03,Agender,59,
Heinfried,Henk,leopoldine03@example.net,Dippelring 3/2,07434,Koblenz,Deutschland,Niedersachsen,1974-10-27,Männlich,60,Monthly Donor
Maya,Köster,roehrichtmilos@example.net,Anica-Tröst-Weg 461,63202,Hammelburg,Deutschland,Saarland,1971-06-13,Männlich,61,
Kristiane,Döhn,selimkoester@example.net,Gotthardweg 7-8,71803,Zossen,Deutschland,Berlin,1942-04-02,Männlich,62,One Time Donor
Reni,Mitschke,schulzgreta@example.com,Klappring 25,22528,Saarlouis,Deutschland,Schleswig-Holstein,2004-03-16,Männlich,63,One Time Donor
Monika,Schuster,adolphivonne@example.org,Ricardo-Ernst-Weg 453,48605,Steinfurt,Deutschland,Berlin,1952-09-10,Weiblich,64,Past Donor
Lissi,Kramer,suessebierchrista@example.com,Rudi-Henschel-Allee 3726,05031,Bremervörde,Deutschland,Baden-Württemberg,1969-12-08,Weiblich,65,
Lucie,Trapp,rebecca64@example.net,Zoltan-Bonbach-Platz 7/3,92177,Gardelegen,Deutschland,Berlin,2002-02-28,Männlich,66,One Time Donor
Senta,Fröhlich,bchristoph@example.com,Emma-Schuster-Ring 6826,37414,Spremberg,Deutschland,Mecklenburg-Vorpommern,1934-08-06,Männlich,67,Past Donor
Guiseppe,Schmiedt,juri00@example.net,Waltraud-Weinhage-Weg 99/95,10608,Nauen,Deutschland,Brandenburg,1946-01-25,Männlich,68,
Ilja,Klingelhöfer,maike84@example.org,Karl-Jürgen-Hertrampf-Ring 55-46,03915,Lübben,Deutschland,Hessen,1950-03-21,Männlich,69,Past Donor
Ignatz,Jacobi Jäckel,xhess@example.org,Aneta-Segebahn-Weg 26-62,59070,Griesbach Rottal,Deutschland,Bayern,1932-06-21,Weiblich,70,One Time Donor
Nico,Wieloch,jdobes@example.com,Olaf-Mangold-Weg 2,06797,Waldmünchen,Deutschland,Hessen,1978-05-29,Männlich,71,
Janette,Dowerg,antoinettesontag@example.org,Kitzmannweg 667,80912,Beilngries,Deutschland,Mecklenburg-Vorpommern,1975-01-01,Weiblich,72,Past Donor
Brian,Reinhardt,erich68@example.com,Sölzerring 1763,28741,Nauen,Deutschland,Baden-Württemberg,1966-06-12,Nichtbinär / Nonbinary,73,Past Donor
Jonas,Rudolph,twende@example.net,Aumannplatz 2-7,02960,Rockenhausen,Deutschland,Bayern,1988-01-15,Weiblich,74,Monthly Donor
Louise,Schleich,evi42@example.com,Biggengasse 891,59139,Monschau,Deutschland,Thüringen,1972-02-27,Weiblich,75,Monthly Donor
Lieschen,Schmidtke,galbers@example.com,Isa-Hellwig-Ring 91/85,29193,Pritzwalk,Deutschland,Hamburg,1929-01-23,Männlich,76,Past Donor
Constance,Röhricht,fsoeding@example.net,Joachim-Fechner-Platz 98/32,86452,Amberg,Deutschland,Sachsen-Anhalt,2003-11-02,Männlich,77,Monthly Donor
Dieter,Lorch,gnatzwillfried@example.net,Trappring 7991,42227,Rothenburg ob der Tauber,Deutschland,Niedersachsen,1949-11-02,Weiblich,78,
Daniela,Blümel,jjunken@example.com,Stefani-Gorlitz-Ring 79/53,32418,Hainichen,Deutschland,Hessen,1956-03-06,Weiblich,79,Monthly Donor
Necati,Ruppert,klemensmentzel@example.org,Segebahnstraße 8128,42392,Rathenow,Deutschland,Niedersachsen,1979-10-26,Weiblich,80,Monthly Donor
Rosalinde,Naser,finkeroberto@example.org,Nadia-Hermann-Straße 1562,80014,Auerbach,Deutschland,Sachsen,1954-08-12,Männlich,81,Monthly Donor
Dagobert,Löchel,lpieper@example.net,Langernstr. 465,41542,Nabburg,Deutschland,Berlin,1991-02-07,Männlich,82,Monthly Donor
Viviane,Buchholz,cjopich@example.net,Buchholzallee 67,08207,Wolfenbüttel,Deutschland,Hamburg,1975-01-31,Männlich,83,Monthly Donor
Christa-Maria,Wohlgemut,hedwig51@example.org,Pohlring 2,69740,Neustrelitz,Deutschland,Niedersachsen,1957-01-06,Weiblich,84,Past Donor
Ekrem,Reuter,ghamann@example.net,Sagerstraße 203,07909,Soest,Deutschland,Thüringen,1940-02-27,Männlich,85,Past Donor
Hansjörg,Thanel,marie62@example.org,Stumpfring 7-5,17428,Jena,Deutschland,Bremen,1967-10-20,Männlich,86,One Time Donor
Alexandre,Langern,teresahentschel@example.com,Buttestr. 5-1,85448,Berlin,Deutschland,Bayern,1934-12-20,Weiblich,87,
Heiner,Hofmann,adriane17@example.com,Heringplatz 171,90595,Celle,Deutschland,Rheinland-Pfalz,1944-02-11,Männlich,88,Monthly Donor
Irena,Lange,scarsten@example.org,Domenico-Ruppersberger-Platz 5-5,12834,München,Deutschland,Saarland,1951-07-12,Weiblich,89,Past Donor
Christine,Schleich,kreuselfreya@example.com,Arnim-Hofmann-Straße 407,74917,Göttingen,Deutschland,Mecklenburg-Vorpommern,1978-04-15,Weiblich,90,
Mariana,Meyer,izimmer@example.org,Klaus-Michael-Gehringer-Weg 16/10,62285,Tirschenreuth,Deutschland,Schleswig-Holstein,1932-10-30,Weiblich,91,Monthly Donor
Trudel,Noack,katharinekoch@example.org,Jakob-Ziegert-Gasse 51-58,01219,Jena,Deutschland,Niedersachsen,1962-06-20,Männlich,92,
Edeltrud,Förster,eigenwilligthomas@example.com,Weimerstr. 70-49,55091,Moers,Deutschland,Schleswig-Holstein,1948-12-05,Nichtbinär / Nonbinary,93,Past Donor
Ulf,Jockel,misicherkilian@example.net,Gordon-Hesse-Allee 89/24,86710,Bersenbrück,Deutschland,Schleswig-Holstein,1986-07-08,Männlich,94,Past Donor
Milica,Biggen,zbigniewchristoph@example.com,Catherine-Bolnbach-Weg 4,61215,Scheinfeld,Deutschland,Bremen,1958-01-03,Männlich,95,Monthly Donor
Joerg,Hornig,jockelortrud@example.org,Justine-Scheibe-Ring 7,23512,Prenzlau,Deutschland,Saarland,1987-07-23,Männlich,96,Past Donor
Danilo,Gude,suzanneneureuther@example.net,Mahmut-Scheuermann-Platz 4,62156,Eichstätt,Deutschland,Brandenburg,1983-07-02,Weiblich,97,Past Donor
Kay-Uwe,Kusch,arndtbluemel@example.org,Häringring 2953,91330,Nauen,Deutschland,Baden-Württemberg,1961-07-05,Weiblich,98,Monthly Donor
Fanny,Rudolph,klara54@example.net,Metzstr. 1165,47127,Coburg,Deutschland,Schleswig-Holstein,1932-12-10,Weiblich,99,Monthly Donor
Apollonia,Köhler,hoevelgertraud@example.com,Emanuel-Etzler-Gasse 10,97982,Freising,Deutschland,Brandenburg,1950-02-24,Nichtbinär / Nonbinary,100,One Time Donor
Fred,Ladeck,gunarlachmann@example.com,Halina-Hornig-Platz 29,21806,Warendorf,Deutschland,Thüringen,2003-04-30,Weiblich,101,
Thilo,Thies,ihaering@example.org,Käthi-Cichorius-Gasse 779,45075,Wittstock,Deutschland,Nordrhein-Westfalen,1929-06-08,Keine Angabe,102,One Time Donor
Monja,Stahr,obinner@example.com,Kohlweg 6,48348,Wunsiedel,Deutschland,Bremen,1960-10-23,Weiblich,103,One Time Donor
Kemal,Röhricht,adrianebolzmann@example.org,Raymund-Hoffmann-Platz 9,66241,Dresden,Deutschland,Sachsen,1993-11-01,Weiblich,104,
Otmar,Beier,norman10@example.net,Weimerweg 366,08614,Eckernförde,Deutschland,Bayern,1971-05-19,Männlich,105,Past Donor
Alwin,Mangold,oheinrich@example.org,Sylvie-Heß-Gasse 5/7,46934,Sondershausen,Deutschland,Sachsen,1974-10-01,Weiblich,106,Past Donor
Irmtraut,Heuser,reza64@example.com,Baumstr. 74-72,86692,Luckau,Deutschland,Bayern,1949-07-27,Weiblich,107,
Peggy,Schenk,xbeer@example.com,Sorgatzstraße 86,95708,Büsingen am Hochrhein,Deutschland,Thüringen,1992-07-24,Männlich,108,Past Donor
Nurten,Rose,lorenzhoefig@example.org,Hillergasse 3/1,45030,Dresden,Deutschland,Sachsen-Anhalt,1993-08-19,Männlich,109,Past Donor
Gebhard,Fröhlich,ivanstriebitz@example.com,Schinkeallee 95,27200,Mittweida,Deutschland,Bremen,1939-12-31,Weiblich,110,One Time Donor
Otto,Pruschke,kuno50@example.org,Dörschnerallee 53,92209,Kamenz,Deutschland,Rheinland-Pfalz,2007-02-13,Weiblich,111,Past Donor
Leszek,Kallert,sylwiahiller@example.org,Schwitalstraße 7,79732,Lobenstein,Deutschland,Sachsen,1931-11-29,Nichtbinär / Nonbinary,112,
Norbert,Ehlert,gundulaschueler@example.net,Mohamed-Seifert-Allee 9234,05599,Grevesmühlen,Deutschland,Bayern,1998-11-01,Weiblich,113,
Vitus,Briemer,ruthildmargraf@example.com,Etzoldstraße 7,00767,Mittweida,Deutschland,Bayern,1936-02-14,Weiblich,114,One Time Donor
Ingetraud,Meyer,erhard47@example.com,Jäkelplatz 5/5,47934,Weimar,Deutschland,Sachsen-Anhalt,1958-05-30,Männlich,115,Monthly Donor
Ben,Bähr,aleksandra74@example.net,Pohlplatz 693,27376,Hannover,Deutschland,Sachsen-Anhalt,1962-01-11,Männlich,116,One Time Donor
Wilfried,Schwital,roskothanna-lena@example.org,Claudia-Hamann-Allee 5,53189,Wesel,Deutschland,Bremen,1993-06-04,Männlich,117,One Time Donor
Monika,Zahn,carstenmarta@example.net,Alexei-Mohaupt-Allee 2-6,03600,Stuttgart,Deutschland,Hessen,1986-07-25,Weiblich,118,
Alexei,Zahn,vdietz@example.net,Liebeltweg 7/9,42968,Berlin,Deutschland,Rheinland-Pfalz,1959-12-16,Männlich,119,
Hubertus,Heintze,ugnatz@example.net,Krausstraße 23/30,00101,Hofgeismar,Deutschland,Hamburg,1972-04-12,Weiblich,120,Monthly Donor
Svetlana,Barth,wencke86@example.net,Sylke-Gnatz-Gasse 29/68,23645,Neubrandenburg,Deutschland,Saarland,1985-12-15,Männlich,121,
Eugen,Misicher,nathalie74@example.com,Grein Grothstraße 22-45,83240,Kulmbach,Deutschland,Niedersachsen,1936-08-09,Weiblich,122,One Time Donor
Jurij,Beier,kgnatz@example.net,Pohlweg 6,12275,Füssen,Deutschland,Sachsen,1952-05-17,Weiblich,123,Past Donor
Marlis,Jessel,antonino09@example.org,Sahin-Scheibe-Weg 86,22532,Paderborn,Deutschland,Mecklenburg-Vorpommern,1964-05-13,Männlich,124,One Time Donor
Pascale,Naser,freudenbergerfaruk@example.org,Mariana-Bender-Ring 5058,83033,Calau,Deutschland,Hessen,1937-02-15,Männlich,125,One Time Donor
Kristiane,Neuschäfer,gabor26@example.com,Naserplatz 52/14,76325,Rothenburg ob der Tauber,Deutschland,Rheinland-Pfalz,1977-12-16,Weiblich,126,Past Donor
Gebhard,Reinhardt,escheel@example.net,Lübsstr. 33/34,21540,Siegen,Deutschland,Sachsen,1991-01-29,Weiblich,127,One Time Donor
Ernest,Schönland,beierjaroslav@example.org,Kadering 2347,39173,Badoberan,Deutschland,Brandenburg,1998-08-02,Keine Angabe,128,Monthly Donor
Hans Josef,Roht,paolodrub@example.net,Valeri-Naser-Allee 1,62069,Lüdinghausen,Deutschland,Berlin,1990-05-27,Weiblich,129,Past Donor
Lene,Börner,samira64@example.com,Heßgasse 73,58574,Fürstenfeldbruck,Deutschland,Rheinland-Pfalz,2005-10-21,Männlich,130,One Time Donor
Marietta,Weitzel,qbloch@example.com,Köhlerstraße 1817,29819,Hohenstein-Ernstthal,Deutschland,Niedersachsen,1966-10-08,Männlich,131,
Heinz-Josef,Kambs,thomas29@example.org,Adem-Trapp-Straße 84/14,43192,Worbis,Deutschland,Berlin,1995-09-21,Männlich,132,One Time Donor
Evangelia,Wähner,baldurmende@example.org,Heidemarie-Schaaf-Ring 80,20176,Witzenhausen,Deutschland,Bayern,1985-01-17,Männlich,133,Monthly Donor
Augusta,Ritter,lenehesse@example.net,Petros-Hande-Straße 22-50,95442,Kelheim,Deutschland,Brandenburg,1946-12-15,Weiblich,134,Monthly Donor
Inge,Nohlmans,seifertleif@example.com,Loosplatz 5/9,41209,Dessau,Deutschland,Rheinland-Pfalz,1988-12-17,Männlich,135,Past Donor
Suzanne,Schulz,torbenstaude@example.com,Lina-Knappe-Straße 53-11,26865,Gerolzhofen,Deutschland,Mecklenburg-Vorpommern,1955-09-19,Männlich,136,Monthly Donor
Caterina,Hornich,hartungtomasz@example.org,Hans-Dieter-Mentzel-Ring 20/78,44547,Görlitz,Deutschland,Mecklenburg-Vorpommern,1979-08-12,Weiblich,137,One Time Donor
Julius,Wilmsen,ischinke@example.com,Reiner-Beyer-Platz 0,87682,Wolfratshausen,Deutschland,Baden-Württemberg,1955-12-19,Männlich,138,Monthly Donor
Wenke,Junken,wiebke24@example.org,Krausegasse 20,75597,Bad Freienwalde,Deutschland,Hamburg,1975-02-21,Nichtbinär / Nonbinary,139,
Ahmed,Häring,veli52@example.org,Patbergplatz 3,40711,Celle,Deutschland,Berlin,1949-01-15,Weiblich,140,Monthly Donor
Nadeschda,Scholl,miageisler@example.com,Oestrovskyplatz 32,06210,Neunburg vorm Wald,Deutschland,Bayern,1934-07-30,Weiblich,141,Past Donor
Dörthe,Nohlmans,hans-bernd00@example.com,Marius-Stiffel-Gasse 4-3,81954,Berlin,Deutschland,Sachsen-Anhalt,1953-07-30,Keine Angabe,142,
Gerta,Losekann,zeigenwillig@example.org,Annamaria-Mitschke-Allee 526,31828,Geldern,Deutschland,Bremen,1962-07-18,Weiblich,143,One Time Donor
Katarzyna,Steckel,haufferheiner@example.com,Mudeplatz 45,28295,Leipziger Land,Deutschland,Nordrhein-Westfalen,1958-04-05,Männlich,144,
Rudolf,Nette,mentzelhilda@example.net,Andrei-Scheel-Straße 4/4,75851,Ochsenfurt,Deutschland,Bayern,1986-02-28,Männlich,145,Monthly Donor
Darius,Conradi,utaetzold@example.com,Dörschnerallee 84,61803,Gütersloh,Deutschland,Thüringen,1991-09-23,Männlich,146,One Time Donor
Laszlo,Weller,michaele51@example.com,Agnieszka-Bohnbach-Straße 1018,10839,Hannover,Deutschland,Bayern,1992-10-22,Männlich,147,Past Donor
Sönke,Pärtzelt,ghertrampf@example.net,Christos-Hamann-Weg 19/98,30767,Roding,Deutschland,Hessen,1946-02-23,Männlich,148,One Time Donor
Marianna,Johann,kdrub@example.org,Konstantin-Schüler-Weg 2/1,45544,Lichtenfels,Deutschland,Thüringen,1991-12-26,Männlich,149,
Ron,Ernst,karl-dieter25@example.net,Ernst-Winkler-Platz 52-37,08077,Eisenach,Deutschland,Brandenburg,2004-09-23,Weiblich,150,
Inna,Cichorius,sibillegumprich@example.net,Hövelweg 48-34,06263,Wolgast,Deutschland,Sachsen,1940-09-21,Männlich,151,Monthly Donor
Aleksandr,Winkler,helmut21@example.com,Ludwig-Mohaupt-Ring 5/2,85227,Grimmen,Deutschland,Mecklenburg-Vorpommern,1998-03-12,Nichtbinär / Nonbinary,152,One Time Donor
Burckhard,Herrmann,hannchengotthard@example.net,Loosstraße 69/36,25661,Garmisch-Partenkirchen,Deutschland,Bayern,1936-06-18,Weiblich,153,Past Donor
Galina,Sager,leszekschwital@example.net,Holtring 55,65955,Ribnitz-Damgarten,Deutschland,Mecklenburg-Vorpommern,1932-11-18,Männlich,154,One Time Donor
Gerolf,Söding,fetzler@example.net,Kaulplatz 1/1,53337,Moers,Deutschland,Schleswig-Holstein,1951-06-25,Nichtbinär / Nonbinary,155,One Time Donor
Tobias,Gierschner,bachmannbernd@example.com,Hans-Michael-Sontag-Platz 9/2,38751,Bad Mergentheim,Deutschland,Brandenburg,1989-10-25,Weiblich,156,Past Donor
Annelise,Wende,zkoch@example.net,Heidemarie-Sölzer-Platz 52/22,54026,Norden,Deutschland,Mecklenburg-Vorpommern,1971-09-06,Männlich,157,One Time Donor
Albertine,Klingelhöfer,tmielcarek@example.net,Mentzelring 5/7,08243,Lörrach,Deutschland,Rheinland-Pfalz,1952-10-27,Weiblich,158,Past Donor
Mehdi,Täsche,tilly34@example.org,Zorbachstr. 58-26,21779,Schwerin,Deutschland,Schleswig-Holstein,1935-04-23,Weiblich,159,Monthly Donor
Oscar,Mentzel,austermuehlesigrun@example.com,Gundula-Nohlmans-Allee 83-42,39063,Hildesheim,Deutschland,Hessen,1946-10-23,Weiblich,160,Past Donor
Vassilios,Römer,jaekelorhan@example.com,Weihmannallee 97,59909,Eilenburg,Deutschland,Mecklenburg-Vorpommern,1997-04-11,Männlich,161,
Salvatore,Drewes,christel09@example.net,Klingelhöferring 8/6,82199,Kaiserslautern,Deutschland,Nordrhein-Westfalen,1937-01-27,Weiblich,162,
Karin,Lorch,salzsigfried@example.com,Ludwig-Reichmann-Allee 64/14,07825,Finsterwalde,Deutschland,Brandenburg,1937-08-05,Männlich,163,Past Donor
Lilian,Heser,thaddaeusullrich@example.org,Mühleweg 1-6,56826,Hohenstein-Ernstthal,Deutschland,Bremen,1998-01-28,Weiblich,164,
Adriane,Pechel,fatih17@example.net,Cordula-Ullmann-Gasse 69/15,24824,Kleve,Deutschland,Hessen,1994-02-08,Weiblich,165,Monthly Donor
Doris,Barth,engindoehn@example.org,Filiz-Ladeck-Weg 80,05321,Miesbach,Deutschland,Bremen,1952-11-30,Männlich,166,Past Donor
Tanja,Ritter,arosemann@example.com,Beyergasse 34-75,73390,München,Deutschland,Bayern,1955-08-27,Männlich,167,One Time Donor
Krzysztof,Lorch,kreszentialindner@example.org,Sontagallee 2441,08619,Prenzlau,Deutschland,Thüringen,1930-10-05,Männlich,168,One Time Donor
Karen,Hering,uroehrdanz@example.org,Marion-Löchel-Ring 667,83048,Senftenberg,Deutschland,Thüringen,1995-08-01,Weiblich,169,
Martin,Putz,beerjuri@example.net,Scheuermannstr. 3/3,55798,Plauen,Deutschland,Mecklenburg-Vorpommern,1998-08-22,Männlich,170,
Dagmar,Kaul,roehrdanzkatherina@example.com,Udo-Häring-Gasse 796,31006,Coburg,Deutschland,Brandenburg,1970-11-11,Männlich,171,Past Donor
Hedwig,Dörschner,vbien@example.com,Anne-Katrin-Otto-Ring 3-1,39487,Aachen,Deutschland,Hamburg,1943-01-08,Männlich,172,
Mirella,Wulf,muehlelissy@example.net,Hellmut-Geisel-Straße 7/7,58137,Ahaus,Deutschland,Niedersachsen,1984-02-28,Weiblich,173,Past Donor
Sabine,Losekann,schomberingrid@example.org,Franziska-Klingelhöfer-Platz 380,96481,Lüdinghausen,Deutschland,Thüringen,2004-01-24,Weiblich,174,Monthly Donor
Erna,Stoll,klemtsoeren@example.org,Wigbert-Beyer-Allee 670,06878,Wolfenbüttel,Deutschland,Saarland,1932-12-05,Männlich,175,Monthly Donor
Gernot,Bruder,dippelevangelos@example.net,Gotthardallee 95,91405,Schweinfurt,Deutschland,Mecklenburg-Vorpommern,1935-03-31,Weiblich,176,Past Donor
Heiner,Hamann,ahess@example.org,Regine-Boucsein-Ring 8/4,99571,Mainburg,Deutschland,Berlin,1990-04-10,Weiblich,177,One Time Donor
Horst-Günter,Römer,katharina67@example.net,Fabienne-Rosemann-Ring 5/2,72516,Eisenberg,Deutschland,Nordrhein-Westfalen,1937-08-07,Männlich,178,
Ali,Börner,aschuchhardt@example.org,Grein Grothplatz 7091,71369,Neustrelitz,Deutschland,Sachsen,1938-12-13,Weiblich,179,
Nina,Mitschke,vmosemann@example.net,Dominik-Schuster-Weg 99-71,24264,Hettstedt,Deutschland,Sachsen-Anhalt,1929-02-16,Weiblich,180,Past Donor
Alois,Köster,claasrust@example.org,Stumpfstr. 9-5,65525,Wiedenbrück,Deutschland,Baden-Württemberg,1931-06-09,Männlich,181,Monthly Donor
Luzia,Geißler,jobstpatberg@example.org,Wesackgasse 115,37035,Greiz,Deutschland,Baden-Württemberg,1941-11-09,Männlich,182,
Felizitas,Rädel,raymund63@example.com,Annegret-Bien-Allee 587,31531,Stade,Deutschland,Sachsen,1976-01-04,Weiblich,183,One Time Donor
Ruthild,Gröttner,isteckel@example.com,Gerlachstraße 20-69,62595,Neuss,Deutschland,Berlin,1948-05-08,Weiblich,184,Past Donor
Hilda,Zobel,jeannine76@example.net,Annie-Reuter-Gasse 56-16,64250,Crailsheim,Deutschland,Schleswig-Holstein,1941-03-23,Weiblich,185,Monthly Donor
Silvia,Mohaupt,sontagsteve@example.net,Dehmelstraße 2,47920,Schleiz,Deutschland,Rheinland-Pfalz,1934-11-19,Männlich,186,Past Donor
Lina,Ladeck,frank-peterhoevel@example.org,Karlheinz-Bolnbach-Platz 3,24035,Hainichen,Deutschland,Thüringen,1933-02-20,Weiblich,187,Past Donor
Alexei,Kostolzin,julian45@example.org,Kruschwitzweg 3848,40386,Bad Mergentheim,Deutschland,Niedersachsen,2007-03-02,Männlich,188,Past Donor
Achim,Scheuermann,gorlitzveit@example.org,Hagen-Trubin-Allee 3/7,88079,Gifhorn,Deutschland,Saarland,1941-01-17,Männlich,189,Monthly Donor
Giovanni,Gute,nadeschdaschottin@example.org,Benthinplatz 75-43,08005,Neu-Ulm,Deutschland,Niedersachsen,1959-11-22,Männlich,190,One Time Donor
Alicja,Haase,ahartmann@example.org,Rosi-Fliegner-Weg 40/41,81222,Schmölln,Deutschland,Sachsen-Anhalt,1940-12-28,Männlich,191,
Stilla,Freudenberger,kostolzinaxel@example.org,Briemergasse 169,68378,Potsdam,Deutschland,Berlin,1932-02-07,Männlich,192,One Time Donor
Hannelore,Bloch,adolf52@example.org,Paolo-Haering-Ring 60/99,40958,Sigmaringen,Deutschland,Schleswig-Holstein,1963-09-12,Weiblich,193,Past Donor
Diane,Mälzer,rita24@example.net,Benno-Davids-Allee 47/16,53658,Ribnitz-Damgarten,Deutschland,Baden-Württemberg,1933-01-28,Männlich,194,
Kristina,Walter,hans-wolfgangfinke@example.net,Dimitrios-Putz-Allee 8,94877,Wolgast,Deutschland,Thüringen,1936-09-30,Männlich,195,
Andrew,Jopich,gotthardanneli@example.com,Röhrichtplatz 4380,05565,Nauen,Deutschland,Baden-Württemberg,1975-07-01,Männlich,196,Past Donor
Hans-Wilhelm,Ebert,mosemannjacqueline@example.net,Magrit-Hübel-Allee 1891,57275,Fürstenwalde,Deutschland,Mecklenburg-Vorpommern,1936-01-13,Männlich,197,One Time Donor
Ingo,Drub,wolf-dieterbeyer@example.net,Sylvia-Franke-Ring 40,06116,Kusel,Deutschland,Hessen,1929-02-06,Weiblich,198,Past Donor
Kordula,Stey,jerzy98@example.net,Maria-Luise-Berger-Platz 7980,46188,Coburg,Deutschland,Baden-Württemberg,1993-04-26,Weiblich,199,Monthly Donor
Gloria,Sager,wagenknechtgundel@example.com,Riehlweg 8675,24807,Gräfenhainichen,Deutschland,Brandenburg,1950-11-18,Nichtbinär / Nonbinary,200,Monthly Donor
Emmi,Margraf,nico25@example.net,Weitzelstraße 104,51918,Augsburg,Deutschland,Schleswig-Holstein,2007-01-30,Männlich,201,Monthly Donor
Manuela,Gute,silvio38@example.org,Jockelallee 40/40,60541,Neubrandenburg,Deutschland,Berlin,1939-04-16,Weiblich,202,Past Donor
Renate,Gumprich,schenkerwin@example.com,Eileen-Faust-Ring 82/77,49291,Kronach,Deutschland,Mecklenburg-Vorpommern,1975-05-07,Weiblich,203,Monthly Donor
Natali,Stolze,fiebigheribert@example.com,Rohlederstr. 94/41,75340,Soltau,Deutschland,Hessen,1962-03-26,Männlich,204,Monthly Donor
Raik,Schmiedecke,sibel37@example.com,Emilie-Kranz-Ring 6-8,45362,Flöha,Deutschland,Rheinland-Pfalz,1978-02-17,Weiblich,205,
Utz,Atzler,kornelius03@example.com,Dippelstr. 3969,70196,Pasewalk,Deutschland,Berlin,1952-05-25,Keine Angabe,206,One Time Donor
Elisabet,Stiffel,uroehricht@example.net,Renata-Rogge-Platz 1742,65441,Fürstenwalde,Deutschland,Bayern,1936-03-04,Männlich,207,Past Donor
Isabella,Geisel,mehdiwulff@example.org,Wagnergasse 26/94,56784,Potsdam,Deutschland,Hamburg,1950-04-06,Männlich,208,Monthly Donor
Leo,Hellwig,marlenhoevel@example.net,Thilo-Pergande-Weg 40/65,12560,Schwäbisch Hall,Deutschland,Thüringen,1967-05-02,Männlich,209,One Time Donor
Wigbert,Paffrath,hhendriks@example.org,Jesselstr. 4-4,92002,Lörrach,Deutschland,Rheinland-Pfalz,1934-01-23,Weiblich,210,Past Donor
Stefania,Hölzenbecher,franz-josef73@example.org,Klappstr. 8434,69088,Fürstenfeldbruck,Deutschland,Mecklenburg-Vorpommern,1978-05-17,Männlich,211,
Slobodan,Zorbach,looshansjuergen@example.org,Sigrun-Schuchhardt-Platz 64,45128,Büsingen am Hochrhein,Deutschland,Nordrhein-Westfalen,1939-07-20,Weiblich,212,One Time Donor
Ricardo,Kramer,wsager@example.net,Albrecht-Fechner-Allee 58,66971,Diepholz,Deutschland,Bremen,2004-10-22,Weiblich,213,Past Donor
Hans-Dieter,Franke,ildiko92@example.com,Catherine-Zimmer-Weg 82-15,00539,Malchin,Deutschland,Bayern,1948-05-25,Weiblich,214,One Time Donor
Nevenka,Stiebitz,necati20@example.org,Bauerplatz 4-8,96905,Grevenbroich,Deutschland,Niedersachsen,1947-08-31,Männlich,215,One Time Donor
Ahmed,Davids,rositalange@example.com,Frauke-Knappe-Straße 4365,81938,Görlitz,Deutschland,Baden-Württemberg,1997-08-04,Weiblich,216,
Andree,Schmiedecke,norma66@example.com,Karolin-Tlustek-Ring 4349,68136,Hohenstein-Ernstthal,Deutschland,Saarland,2005-08-15,Weiblich,217,Monthly Donor
Marlis,Dobes,bgumprich@example.com,Margot-Kroker-Allee 4-4,46440,Waren,Deutschland,Sachsen,2005-05-04,Nichtbinär / Nonbinary,218,One Time Donor
Raphael,Fischer,irenabauer@example.org,Salzgasse 28/82,80795,Görlitz,Deutschland,Niedersachsen,1966-09-18,Weiblich,219,Past Donor
Timo,Bruder,theodorgutknecht@example.net,Arnulf-Täsche-Weg 8/5,32481,Borna,Deutschland,Baden-Württemberg,2004-04-11,Nichtbinär / Nonbinary,220,Monthly Donor
Johan,Schuster,heserfrauke@example.com,Handering 53-46,56427,Gransee,Deutschland,Mecklenburg-Vorpommern,1989-04-23,Weiblich,221,Monthly Donor
Leila,Gutknecht,bschmidtke@example.net,Kuschstr. 52,11432,Magdeburg,Deutschland,Sachsen-Anhalt,1956-09-26,Männlich,222,Monthly Donor
Margit,Aumann,brunoschuster@example.org,Cichoriusplatz 98/87,97831,Stuttgart,Deutschland,Nordrhein-Westfalen,1998-12-03,Männlich,223,One Time Donor
Eckehard,Hettner,ludwig37@example.com,Klappstraße 1,57346,Ribnitz-Damgarten,Deutschland,Berlin,1960-12-21,Weiblich,224,Past Donor
Gabriele,Putz,hildaetzold@example.com,Bonbachring 45-60,90238,Eberswalde,Deutschland,Baden-Württemberg,1972-10-06,Männlich,225,One Time Donor
Gitte,Trubin,ljiljanamende@example.com,Ernstring 48/11,98065,Hünfeld,Deutschland,Mecklenburg-Vorpommern,1978-04-08,Weiblich,226,Monthly Donor
Ivo,Jäntsch,gschwital@example.com,Hölzenbecherallee 78/34,62632,Eisenhüttenstadt,Deutschland,Sachsen,1932-07-17,Männlich,227,Past Donor
Kriemhild,Bien,rbohlander@example.com,Michael-Möchlichen-Straße 58-76,35443,Miesbach,Deutschland,Baden-Württemberg,1938-10-02,Männlich,228,Monthly Donor
Dirk,Langern,henrik32@example.org,Bährring 92/20,92494,Meppen,Deutschland,Sachsen-Anhalt,1969-10-14,Weiblich,229,Past Donor
Maike,Jüttner,gehringerhans-ulrich@example.org,Dursun-Franke-Ring 26/99,26142,Aachen,Deutschland,Niedersachsen,1957-01-02,Nichtbinär / Nonbinary,230,Past Donor
Süleyman,Ruppersberger,kobeltkarl-wilhelm@example.net,Guntram-Fischer-Weg 2,83827,Gunzenhausen,Deutschland,Brandenburg,1955-03-12,Männlich,231,One Time Donor
Claus-Dieter,Ullmann,qvan-der-dussen@example.org,Svenja-Mielcarek-Weg 8148,62431,Pfaffenhofen an der Ilm,Deutschland,Brandenburg,1993-03-22,Weiblich,232,
Dunja,Höfig,ybeyer@example.net,Kitzmanngasse 958,66256,Olpe,Deutschland,Sachsen-Anhalt,1949-03-30,Männlich,233,
Sönke,Ziegert,soedingcarmen@example.org,Wendestr. 2560,97931,Eutin,Deutschland,Sachsen,1962-05-15,Männlich,234,One Time Donor
Undine,Dörschner,pbutte@example.com,Henckallee 38-35,87377,Ueckermünde,Deutschland,Sachsen,1937-08-03,Weiblich,235,Monthly Donor
Dorothea,Eckbauer,antoniokraus@example.com,Trommlergasse 26/74,48875,Meppen,Deutschland,Hessen,1936-08-28,Weiblich,236,Past Donor
Irmtraud,Börner,anne-roseheidrich@example.org,Friedrich-Wilhelm-Weiß-Allee 6421,34799,Helmstedt,Deutschland,Schleswig-Holstein,1987-09-30,Weiblich,237,Monthly Donor
Kemal,Dowerg,nschuchhardt@example.com,Herwig-Ritter-Gasse 48,24898,Warendorf,Deutschland,Thüringen,1988-07-06,Agender,238,One Time Donor
Erhard,Liebelt,jherrmann@example.org,Agatha-Sauer-Gasse 9201,72250,Zeulenroda,Deutschland,Hamburg,2003-10-12,Männlich,239,Monthly Donor
Adelgunde,Käster,peukerthans-josef@example.net,Biengasse 6-4,99603,Lüdinghausen,Deutschland,Sachsen-Anhalt,1964-09-11,Weiblich,240,One Time Donor
Regina,Jäkel,qkruschwitz@example.com,Ehlertstraße 7381,06760,Lübz,Deutschland,Bayern,1951-06-29,Weiblich,241,Past Donor
Käthi,Rogner,denise00@example.net,Heinrichgasse 90,97967,Rostock,Deutschland,Bremen,1967-09-10,Weiblich,242,
Bartholomäus,Schönland,michel12@example.org,Schusterweg 4080,26566,Königs Wusterhausen,Deutschland,Brandenburg,1943-07-23,Männlich,243,Monthly Donor
Eleonora,Börner,hermannhans-hinrich@example.org,Heidelinde-Warmer-Gasse 4697,88423,Wiedenbrück,Deutschland,Nordrhein-Westfalen,2000-10-23,Weiblich,244,Monthly Donor
Timo,Krebs,lpeukert@example.com,Centa-Harloff-Weg 7-5,76288,Kassel,Deutschland,Sachsen-Anhalt,1999-01-25,Männlich,245,Monthly Donor
Heinfried,Ruppert,rosemannolivia@example.com,Zänkergasse 4016,22128,Eisleben,Deutschland,Nordrhein-Westfalen,1989-02-27,Weiblich,246,
Hildegart,Geisler,hans-josefsager@example.org,Weitzelring 7,75709,Schwandorf,Deutschland,Bayern,1984-04-30,Weiblich,247,
Maria-Luise,Süßebier,phillipwohlgemut@example.net,Stadelmannweg 301,57707,Celle,Deutschland,Nordrhein-Westfalen,1942-06-08,Männlich,248,Monthly Donor
Dirk,Kramer,jjessel@example.org,Bergerring 3,67027,Lübz,Deutschland,Berlin,1973-05-31,Männlich,249,Past Donor
Cosimo,Pölitz,geiseljanette@example.net,Kenan-Peukert-Gasse 834,14117,Schwandorf,Deutschland,Baden-Württemberg,1947-01-24,Weiblich,250,Past Donor
Burkhardt,Dowerg,salzingetraut@example.org,Christof-Fröhlich-Gasse 3,24991,Fallingbostel,Deutschland,Thüringen,1941-07-24,Männlich,251,
Murat,Hauffer,amies@example.com,Trubinplatz 3/4,82553,Einbeck,Deutschland,Bayern,1970-08-13,Männlich,252,Past Donor
Loretta,Albers,dagobertdoerr@example.org,Friedl-Pergande-Ring 87,52541,Ludwigslust,Deutschland,Thüringen,1958-06-27,Männlich,253,Past Donor
Pia,Boucsein,nilsortmann@example.com,Pärtzeltweg 2670,94384,Sankt Goarshausen,Deutschland,Thüringen,1986-03-29,Weiblich,254,One Time Donor
Karla,Heidrich,nikola00@example.org,Gröttnerring 70/57,08595,Pfaffenhofen an der Ilm,Deutschland,Rheinland-Pfalz,1953-03-12,Weiblich,255,Monthly Donor
Ronny,Klemm,killerandrej@example.com,Christophstraße 6-9,35964,Neunburg vorm Wald,Deutschland,Sachsen-Anhalt,2006-12-26,Männlich,256,Monthly Donor
Antonie,Lehmann,ernest48@example.net,Karl-August-Pölitz-Platz 7-8,25086,Mittweida,Deutschland,Hamburg,1980-08-21,Männlich,257,Monthly Donor
Georgine,Stadelmann,hertrampfhanni@example.org,Danica-Hamann-Gasse 1,14461,Amberg,Deutschland,Bayern,1994-04-07,Weiblich,258,Monthly Donor
Elli,Jacobi Jäckel,francesco10@example.com,Eleonora-Mende-Gasse 29,57896,Waren,Deutschland,Saarland,1975-03-31,Weiblich,259,Past Donor
Waldemar,Rogner,xfliegner@example.net,Jungferstraße 3,39849,Potsdam,Deutschland,Mecklenburg-Vorpommern,1998-06-14,Männlich,260,Monthly Donor
Dimitri,Wesack,ludmilacaspar@example.net,Kreinring 5/7,29183,Altentreptow,Deutschland,Berlin,1933-08-03,Männlich,261,One Time Donor
Marija,Dörr,mhaering@example.net,Schinkegasse 8/1,72956,Gransee,Deutschland,Schleswig-Holstein,1995-12-07,Weiblich,262,One Time Donor
Ewa,Ackermann,yasminsaeuberlich@example.org,Döhnstraße 90,47777,Nordhausen,Deutschland,Hamburg,1951-08-19,Weiblich,263,One Time Donor
Cemil,Wirth,maria-luisesorgatz@example.net,Gutknechtallee 30-15,23604,Wunsiedel,Deutschland,Brandenburg,1947-07-25,Weiblich,264,
Daria,Zirme,michaelahenck@example.com,Alfons-Schuchhardt-Gasse 5/5,15953,Lörrach,Deutschland,Sachsen-Anhalt,1932-07-02,Weiblich,265,One Time Donor
Rahel,Zirme,ewaboucsein@example.org,Dierk-Tlustek-Straße 2975,86599,Mellrichstadt,Deutschland,Hessen,1957-04-09,Männlich,266,Monthly Donor
Woldemar,Weitzel,zorbachleo@example.net,Bodo-Loos-Gasse 51-62,05973,Bremen,Deutschland,Hessen,1979-07-30,Weiblich,267,Past Donor
Olena,Rudolph,gbruder@example.com,Monica-Jacob-Straße 1/9,29128,Bad Langensalza,Deutschland,Hessen,1997-06-27,Weiblich,268,Monthly Donor
Sylvia,Fritsch,bertramlindau@example.com,Dussen vanplatz 7243,44965,Spremberg,Deutschland,Sachsen,1994-02-26,Männlich,269,Monthly Donor
Meike,Oestrovsky,aneta79@example.com,Hartungplatz 74,26480,Wolgast,Deutschland,Brandenburg,1979-10-18,Weiblich,270,Monthly Donor
Imre,Staude,vjohann@example.net,Kruschwitzring 19/92,92393,Plauen,Deutschland,Mecklenburg-Vorpommern,1957-07-26,Männlich,271,
Wilfriede,Schwital,dehmelsaskia@example.com,Jüttnerstraße 54,67397,Eberswalde,Deutschland,Rheinland-Pfalz,1983-08-03,Männlich,272,Monthly Donor
Matteo,Liebelt,brittamueller@example.net,Aziz-Müller-Weg 19-43,11037,Schongau,Deutschland,Rheinland-Pfalz,1978-12-14,Weiblich,273,Past Donor
Emil,Hübel,rohlederedgar@example.net,Mitschkeplatz 25-44,33482,Lübeck,Deutschland,Sachsen-Anhalt,2005-10-04,Männlich,274,Monthly Donor
Henriette,Hermann,bmitschke@example.com,Timm-Segebahn-Ring 6526,92711,Freudenstadt,Deutschland,Hessen,1992-09-19,Weiblich,275,One Time Donor
Annedore,Holsten,hoffmannaldo@example.net,Veronika-Anders-Weg 11,96415,Augsburg,Deutschland,Niedersachsen,1974-10-11,Männlich,276,Past Donor
Burkard,Döring,nikolaos51@example.org,Sorgatzring 4,79527,Bergzabern,Deutschland,Thüringen,1995-11-16,Männlich,277,One Time Donor
Hans-Willi,Juncken,guenterschwital@example.com,Leonard-Koch II-Weg 6799,66410,Zschopau,Deutschland,Nordrhein-Westfalen,1948-08-07,Weiblich,278,Monthly Donor
Margarete,Barkholz,schmidtkewalburga@example.org,Jasmina-Säuberlich-Straße 2/5,73674,Darmstadt,Deutschland,Brandenburg,1965-09-17,Männlich,279,One Time Donor
Victoria,Metz,lschmiedecke@example.com,Stanislav-Nohlmans-Gasse 7811,18944,Schwabmünchen,Deutschland,Bremen,1950-05-13,Männlich,280,Monthly Donor
Loretta,Buchholz,dobestomas@example.org,Ruppersbergergasse 1/8,28510,Strasburg,Deutschland,Schleswig-Holstein,1962-02-12,Männlich,281,One Time Donor
Erdmute,Holzapfel,stollsaskia@example.com,Jacobring 125,52876,Halberstadt,Deutschland,Mecklenburg-Vorpommern,1950-10-22,Männlich,282,
Alexa,Eckbauer,salzrolf@example.com,Monika-Weihmann-Straße 93/88,73328,Sangerhausen,Deutschland,Thüringen,1979-09-08,Weiblich,283,Past Donor
Gerald,Lorch,nicolausbauer@example.com,Krystyna-Bloch-Straße 40/56,18961,Strausberg,Deutschland,Sachsen,1952-04-11,Männlich,284,
Desiree,Fritsch,matteolinke@example.org,Budigstr. 8-4,61363,Altentreptow,Deutschland,Baden-Württemberg,1988-01-14,Männlich,285,Monthly Donor
Annedore,Köhler,paula05@example.com,Junitzstraße 81/49,20747,Kamenz,Deutschland,Nordrhein-Westfalen,1934-09-01,Weiblich,286,Monthly Donor
Jana,auch Schlauchin,leberhardt@example.net,Junkenweg 12-92,20136,Bützow,Deutschland,Schleswig-Holstein,1955-04-17,Männlich,287,
Leif,Herrmann,rmitschke@example.net,Nadin-Knappe-Weg 6-4,51297,Sangerhausen,Deutschland,Thüringen,2004-06-26,Männlich,288,Past Donor
Lissy,Binner,gritkohl@example.net,Anastasios-Fiebig-Platz 97/95,59230,Stendal,Deutschland,Schleswig-Holstein,1932-05-01,Weiblich,289,Monthly Donor
Emmi,Steckel,sigfried27@example.org,Zobelallee 58/32,55968,Dieburg,Deutschland,Baden-Württemberg,1940-06-20,Männlich,290,One Time Donor
Ismail,Noack,moechlichenferenc@example.com,Dietrich-Klotz-Platz 56/84,01088,Main-Höchst,Deutschland,Brandenburg,1933-01-08,Weiblich,291,
Abram,Radisch,neureuthertom@example.org,Stolzering 73,14473,Helmstedt,Deutschland,Bremen,1936-07-14,Männlich,292,One Time Donor
Krzysztof,Scheuermann,philip83@example.org,Käthe-Trüb-Straße 2,53383,Ingolstadt,Deutschland,Rheinland-Pfalz,1983-02-22,Weiblich,293,
Hans Jörg,Tschentscher,xscholl@example.com,Schachtplatz 3/4,50942,Böblingen,Deutschland,Berlin,1953-07-27,Nichtbinär / Nonbinary,294,One Time Donor
Horst-Peter,Karz,kalbers@example.com,Vogtplatz 7-3,89003,Hainichen,Deutschland,Bayern,1931-09-18,Weiblich,295,Past Donor
Diana,Naser,yfechner@example.com,Spießring 13,97393,Rockenhausen,Deutschland,Brandenburg,1948-03-16,Weiblich,296,Monthly Donor
Nicole,Blümel,christophmyriam@example.org,Wilfriede-Gumprich-Platz 2/3,07429,Peine,Deutschland,Niedersachsen,1994-08-08,Weiblich,297,Past Donor
Ruth,Tschentscher,cbuchholz@example.com,Schönlandallee 4/7,81890,Ansbach,Deutschland,Nordrhein-Westfalen,1952-08-14,Männlich,298,
Anna,Möchlichen,vholzapfel@example.org,Katarzyna-Plath-Straße 26/41,45438,Brandenburg,Deutschland,Berlin,1929-06-03,Weiblich,299,One Time Donor
Frank-Peter,Bolander,theklastiebitz@example.org,Emmy-Schmiedecke-Straße 49-26,49672,Rastatt,Deutschland,Berlin,1994-06-15,Männlich,300,
